Aberaeron Hospital,,,,
Aberdeen Community Health and Care Village,,,,
Aberdeen Maternity Hospital,,,,
Aberdeen Royal Infirmary,,,,
Abergele Hospital,,,,
Aboyne Hospital,,,,
Adamson Hospital,,,,
Addenbrooke's Hospital,,,,
Ailsa Hospital,,,,
Aintree University Hospital,,,,
Aldeburgh Cottage Hospital,,,,
Alexandra Hospital (Redditch),,,,
Alexandra Hospital (Tameside),,,,
Alfred Bean Hospital,,,,
Alfreton - One Health Group,,,,
Altrincham Hospital,,,,
Amersham Hospital,,,,
Amman Valley Hospital,,,,
Andover War Memorial Hospital,,,,
Annan Hospital,,,,
Antrim Area Hospital,,,,
Arbroath Infirmary,,,,
Ards Community Hospital,,,,
Argyll and Bute Hospital,,,,
Armagh Community Hospital,,,,
Arnold Lodge,,,,
Arran War Memorial Hospital,,,,
Arrowe Park Hospital,,,,
Ashby de la Zouch - Independent Health Group,,,,
Ashford Hospital,,,,
Ashton-under-Lyne - Tameside Hospital NHS Foundation Trust,,,,
Ashworth Hospital,,,,
Astley Ainslie Hospital,,,,
Atherleigh Park Hospital,,,,
Auckland Park Hospital,,,,
Aviemore Health Centre,,,,
Ayrshire Central Hospital,,,,
Babington Hospital,,,,
Badenoch and Strathspey Community Hospital,,,,
Balfour Hospital,,,,
Banbridge Hospital,,,,
Bangor Community Hospital,,,,
Barnsley Hospital,,,,
Barry Hospital,,,,
Basingstoke and North Hampshire Hospital,,,,
Basildon University Hospital,,,,
Bassetlaw District General Hospital,,,,
Beatson West of Scotland Cancer Centre,,,,
Bedford Hospital,,,,
Belford Hospital,,,,
Belhaven Hospital,,,,
Berwick Infirmary,,,,
Berrywood Hospital,,,,
Bexhill Hospital,,,,
Bexley Hospital,,,,
Biggart Hospital,,,,
Billinge Hospital,,,,
Birmingham Children's Hospital,,,,
Birmingham Dental Hospital,,,,
Birmingham Women's Hospital,,,,
Bishop Auckland Hospital,,,,
Blackberry Hill Hospital,,,,
Blackpool Victoria Hospital,,,,
Blairgowrie Community Hospital,,,,
Blyth Community Hospital,,,,
Bo'ness Hospital,,,,
Bodmin Hospital,,,,
Bognor Regis War Memorial Hospital,,,,
Bolton NHS Foundation Trust,,,,
Borders General Hospital,,,,
Braintree Community Hospital,,,,
Braid Valley Care Complex,,,,
Brecon War Memorial Hospital,,,,
Bridlington Hospital,,,,
Brighton General Hospital,,,,
Bristol Eye Hospital,,,,
Bristol Royal Hospital for Children,,,,
Bristol Royal Infirmary,,,,
Broadgreen Hospital,,,,
Broadmoor Hospital,,,,
Bro Ddyfi Community Hospital,,,,
Bronglais Hospital,,,,
Bronllys Hospital,,,,
Brookland Hall,,,,
Brooksby House Hospital,,,,
Broomfield Hospital,,,,
Bryn Beryl Hospital,,,,
Bryn y Neuadd Hospital,,,,
Buckland Hospital,,,,
Burnley General Teaching Hospital,,,,
Bushey Fields Hospital,,,,
Buxton Hospital,,,,
Caithness General Hospital,,,,
Calderdale Royal Hospital,,,,
Calderstones Hospital,,,,
Callington Road Hospital,,,,
Camborne Redruth Community Hospital,,,,
Cameron Hospital,,,,
Campbeltown Hospital,,,,
Cannock Chase Hospital,,,,
Cardigan and District Community Hospital,,,,
Cardiff Royal Infirmary,,,,
Carseview Centre,,,,
Cassel Hospital,,,,
Castle Douglas Hospital,,,,
Castle Hill Hospital,,,,
Castleberg Hospital,,,,
Causeway Hospital,,,,
Cavendish Hospital,,,,
Cefn Coed Hospital,,,,
Cefni Hospital,,,,
Central Middlesex Hospital,,,,
Chalmers Hospital (Banff),,,,
Chalmers Hospital (Edinburgh),,,,
Chapel Allerton Hospital,,,,
Charles Clifford Dental Hospital,,,,
Cheadle Royal Hospital,,,,
Cheltenham General Hospital,,,,
Chepstow Community Hospital,,,,
Chester-le-Street Hospital,,,,
Chesterfield Royal Hospital,,,,
Chirk Community Hospital,,,,
Chorley and South Ribble Hospital,,,,
Christchurch Hospital,,,,
Churchill Hospital,,,,
City Hospital (Birmingham),,,,
City Hospital (Nottingham),,,,
Clackmannan Community Healthcare Centre,,,,
Clatterbridge Cancer Centre,,,,
Clatterbridge Hospital,,,,
Cleland Hospital,,,,
Coathill Hospital,,,,
Colchester Hospital,,,,
Colwyn Bay Community Hospital,,,,
Conquest Hospital,,,,
Corbett Hospital,,,,
Corstorphine Hospital,,,,
Cossham Memorial Hospital,,,,
Countess of Chester Hospital,,,,
County Community Hospital (Pontypool),,,,
County Hospital (Louth),,,,
County Hospital (Stafford),,,,
Cowal Community Hospital,,,,
Craigavon Area Hospital,,,,
Crawley Hospital,,,,
Crieff Community Hospital,,,,
Cromer Hospital,,,,
Croydon University Hospital,,,,
Cumberland Infirmary,,,,
Cynon Valley Hospital,,,,
Daisy Hill Hospital,,,,
Dalriada Hospital,,,,
Darent Valley Hospital,,,,
Darlington Memorial Hospital,,,,
Deeside Community Hospital,,,,
Denbigh Community Hospital,,,,
Derbyshire Children's Hospital,,,,
Derriford Hospital,,,,
Dewi Sant Hospital,,,,
Dewsbury and District Hospital,,,,
"Diana, Princess of Wales Hospital",,,,
Dolgellau and Barmouth Hospital,,,,
Doncaster Royal Infirmary,,,,
Dorset County Hospital,,,,
Downe Hospital,,,,
Dr Gray's Hospital,,,,
Dulwich Community Hospital,,,,
Dumfries and Galloway Royal Infirmary,,,,
Dundee Dental Hospital,,,,
East Ayrshire Community Hospital,,,,
East Lothian Community Hospital,,,,
East Riding Community Hospital,,,,
East Surrey Hospital,,,,
Eastbank Hospital,,,,
Eastbourne District General Hospital,,,,
Ealing Hospital,,,,
Edinburgh Dental Institute,,,,
Edington Cottage Hospital,,,,
Edward Hain Hospital,,,,
Ellen Badger Hospital,,,,
Ellen's Glen House,,,,
Epsom Cottage Hospital,,,,
Epsom Hospital,,,,
Erith and District Hospital,,,,
Evelina London Children's Hospital,,,,
Fairfield General Hospital,,,,
Falkirk Community Hospital,,,,
Fareham Community Hospital,,,,
Farnham Hospital,,,,
Farnham Road Hospital,,,,
Ffestiniog Memorial Hospital,,,,
Fieldhead Hospital,,,,
Finchley Memorial Hospital,,,,
Fleming Cottage Hospital,,,,
Florence Nightingale Community Hospital,,,,
Fordingbridge Hospital,,,,
Forth Valley Royal Hospital,,,,
Fountain Way,,,,
Fraserburgh Hospital,,,,
Freeman Hospital,,,,
Frenchay Hospital,,,,
Friarage Hospital,,,,
Friary Community Hospital,,,,
Friern Hospital,,,,
Frimley Park Hospital,,,,
Fulbourn Hospital,,,,
Fulham Hospital,,,,
Furness General Hospital,,,,
Galloway Community Hospital,,,,
Gartnavel General Hospital,,,,
Gartnavel Royal Hospital,,,,
Gartloch Hospital,,,,
General Lying-In Hospital,,,,
George Eliot Hospital,,,,
Gilbert Bain Hospital,,,,
Girvan Community Hospital,,,,
Glan Clwyd Hospital,,,,
Glangwili General Hospital,,,,
Glanrhyd Hospital,,,,
Glasgow Dental Hospital and School,,,,
Glasgow Royal Infirmary,,,,
Glen o' Dee Hospital,,,,
Glenfield General Hospital,,,,
Glenrothes Hospital,,,,
Gloucestershire Royal Hospital,,,,
Golden Jubilee University National Hospital,,,,
Good Hope Hospital,,,,
Goole and District Hospital,,,,
Gorseinon Hospital,,,,
Gosport War Memorial Hospital,,,,
Grange University Hospital,,,,
Gransha Hospital,,,,
Grantham and District Hospital,,,,
Grangewood Hospital,,,,
Great North Children's Hospital,,,,
Great Ormond Street Hospital,,,,
Great Western Hospital,,,,
Green Lane Hospital,,,,
Greenwich District Hospital,,,,
Guest Hospital,,,,
Guy's Hospital,,,,
Halton General Hospital,,,,
Haltwhistle War Memorial Hospital,,,,
Hammersmith Hospital,,,,
Hampshire Hospitals NHS Foundation Trust,,,,
Harefield Hospital,,,,
Harplands Hospital,,,,
Harold Wood Hospital,,,,
Harrogate District Hospital,,,,
Hawick Community Hospital,,,,
Hay Lodge Hospital,,,,
Heartlands Hospital,,,,
Heatherwood Hospital,,,,
Hellesdon Hospital,,,,
Helston Community Hospital,,,,
Hemel Hempstead Hospital,,,,
Hereford County Hospital,,,,
Hertford County Hospital,,,,
Herts and Essex Hospital,,,,
Hexham General Hospital,,,,
Hillingdon Hospital,,,,
Hinchingbrooke Hospital,,,,
Homerton University Hospital,,,,
The Horder Centre,,,,
Hornsea Cottage Hospital,,,,
Horsham Hospital,,,,
Horton General Hospital,,,,
Hospital for Tropical Diseases,,,,
Holywell Community Hospital,,,,
Holywell Hospital,,,,
Huddersfield Royal Infirmary,,,,
Hull and East Riding Hospital,,,,
Hull Royal Infirmary,,,,
Ian Charles Community Hospital,,,,
Ilkeston Community Hospital,,,,
Insch War Memorial Hospital,,,,
Inverclyde Royal Hospital,,,,
Inverurie Hospital,,,,
Ipswich Hospital,,,,
Islay Hospital,,,,
The James Cook University Hospital,,,,
James Paget University Hospital,,,,
John Coupland Hospital,,,,
John Radcliffe Hospital,,,,
Jubilee Hospital,,,,
Kello Hospital,,,,
Kelso Hospital,,,,
Kendray Hospital,,,,
Kent and Canterbury Hospital,,,,
Kettering General Hospital,,,,
Kidderminster Hospital,,,,
KIMS Hospital,,,,
Kincardine Community Hospital,,,,
King George Hospital,,,,
King's Cross Hospital,,,,
King's Mill Hospital,,,,
Kingston Hospital,,,,
Kirkcudbright Hospital,,,,
Kirklandside Hospital,,,,
Kirklands Hospital,,,,
Kilsyth Victoria Cottage Hospital,,,,
Knockbracken Healthcare Park,,,,
Knighton Hospital,,,,
Knoll Hospital,,,,
Lady Home Hospital,,,,
Lady Margaret Hospital,,,,
Lagan Valley Hospital,,,,
Lakeview Hospital,,,,
Lambeth Hospital,,,,
Lanchester Road Hospital,,,,
Lauriston Building,,,,
Lawson Memorial Hospital,,,,
Leamington Spa Hospital,,,,
Leeds Dental Institute,,,,
Leeds General Infirmary,,,,
Leigh Infirmary,,,,
Leighton Hospital,,,,
Leith Community Treatment Centre,,,,
Leicester General Hospital,,,,
Leicester Royal Infirmary,,,,
Leverndale Hospital,,,,
Lewes Victoria Hospital,,,,
Liberton Hospital,,,,
Lightburn Hospital,,,,
Lincoln County Hospital,,,,
Lister Hospital,,,,
Llandovery Hospital,,,,
Llandudno General Hospital,,,,
Llanfrechfa Grange Hospital,,,,
Llanidloes War Memorial Hospital,,,,
Lochmaben Hospital,,,,
London Lock Hospital,,,,
Lorn and Islands Hospital,,,,
Ludlow Hospital,,,,
Lurgan Hospital,,,,
Luton and Dunstable University Hospital,,,,
Lynfield Mount Hospital,,,,
Lynebank Hospital,,,,
Lymington New Forest Hospital,,,,
Lytham Hospital,,,,
Macclesfield District General Hospital,,,,
Mackinnon Memorial Hospital,,,,
Maesteg Community Hospital,,,,
Maindiff Court Hospital,,,,
Maidstone Hospital,,,,
Malcolm Sargent House,,,,
Malton Community Hospital,,,,
Manchester Royal Eye Hospital,,,,
Manchester Royal Infirmary,,,,
Mater Infirmorum Hospital,,,,
Maudsley Hospital,,,,
The McIndoe Centre,,,,
Medway Maritime Hospital,,,,
Memorial Hospital (Greenwich),,,,
Memorial Hospital (Shooters Hill),,,,
Metropolitan Free Hospital,,,,
Mid Argyll Community Hospital,,,,
Mid-Ulster Hospital,,,,
Midland Metropolitan University Hospital,,,,
Midpark Hospital,,,,
Mile End Hospital,,,,
Milford Hospital,,,,
Miller General Hospital,,,,
Milton Keynes University Hospital,,,,
Moffat Hospital,,,,
Mold Community Hospital,,,,
The Montefiore Hospital,,,,
Montagu Hospital,,,,
Montgomery County Infirmary,,,,
Moorfields Eye Hospital,,,,
Moorgreen Hospital,,,,
Morriston Hospital,,,,
Moseley Hall Hospital,,,,
Mount Vernon Hospital,,,,
Moyle Hospital,,,,
Muckamore Abbey Hospital,,,,
Mull and Iona Community Hospital,,,,
Murray Royal Hospital,,,,
Musgrave Park Hospital,,,,
Musgrove Park Hospital,,,,
Nairn County Community Hospital,,,,
National Hospital for Neurology and Neurosurgery,,,,
Neath Port Talbot Hospital,,,,
Netley Hospital,,,,
Nevill Hall Hospital,,,,
New Cross Hospital,,,,
New Craigs Psychiatric Hospital,,,,
New QEII Hospital,,,,
New Victoria Hospital,,,,
Newark Hospital,,,,
Newcastle General Hospital,,,,
Newham University Hospital,,,,
Newholme Hospital,,,,
Newton Abbot Community Hospital,,,,
Newton Community Hospital,,,,
Newton Stewart Hospital,,,,
NHS Centre for Integrative Care,,,,
Ninewells Hospital,,,,
Noah's Ark Children's Hospital for Wales,,,,
Norfolk and Norwich University Hospital,,,,
North Cambridgeshire Hospital,,,,
North Devon District Hospital,,,,
North Manchester General Hospital,,,,
North Middlesex University Hospital,,,,
North Somerset Community Hospital,,,,
North Tyneside General Hospital,,,,
Northampton General Hospital,,,,
Northgate Hospital,,,,
Northern General Hospital,,,,
Northumbria Specialist Emergency Care Hospital,,,,
Northwick Park Hospital,,,,
Norwich Community Hospital,,,,
Nottingham City Hospital,,,,
Nottingham University Hospitals NHS Trust,,,,
Nuffield Orthopaedic Centre,,,,
Oldchurch Hospital,,,,
Omagh Hospital and Primary Care Complex,,,,
Ormskirk District General Hospital,,,,
Orpington Hospital,,,,
Paulton Memorial Hospital,,,,
Pendle Community Hospital,,,,
Perth Royal Infirmary,,,,
Peterborough City Hospital,,,,
Peterhead Community Hospital,,,,
Petersfield Hospital,,,,
Petherton Resource Centre,,,,
Pilgrim Hospital,,,,
Pinderfields Hospital,,,,
Pitlochry Community Hospital,,,,
Pontefract Hospital,,,,
Pontypridd Cottage Hospital,,,,
Poole Hospital,,,,
Portland Hospital,,,,
Portree Hospital,,,,
Prestwich Hospital,,,,
Prince Charles Hospital,,,,
Prince Philip Hospital,,,,
Princess Alexandra Hospital,,,,
Princess Alexandra Eye Pavilion,,,,
Princess Anne Hospital,,,,
Princess of Wales Hospital (Bridgend),,,,
Princess of Wales Hospital (Ely),,,,
Princess Royal Hospital (Haywards Heath),,,,
Princess Royal Hospital (Telford),,,,
Princess Royal Maternity Hospital,,,,
Princess Royal University Hospital,,,,
Peterlee Community Hospital,,,,
Queen Alexandra Hospital,,,,
Queen Charlotte's and Chelsea Hospital,,,,
Queen Elizabeth Hospital (Birmingham),,,,
Queen Elizabeth Hospital (Gateshead),,,,
Queen Elizabeth Hospital (London),,,,
Queen Elizabeth Hospital for Children,,,,
Queen Elizabeth The Queen Mother Hospital,,,,
Queen Elizabeth University Hospital,,,,
Queen Margaret Hospital,,,,
Queen Mary's Hospital (Roehampton),,,,
Queen Mary's Hospital (Sidcup),,,,
Queen Victoria Hospital,,,,
Queen's Hospital (Burton upon Trent),,,,
Queen's Hospital (Romford),,,,
Queen's Medical Centre,,,,
Raigmore Hospital,,,,
Rampton Secure Hospital,,,,
Randolph Wemyss Memorial Hospital,,,,
Redwood Memorial Hospital,,,,
The Retreat,,,,
Richmond Royal Hospital,,,,
Ripley Hospital,,,,
Ripon Community Hospital,,,,
Rivers Hospital,,,,
RNI Community Hospital,,,,
Robert Jones and Agnes Hunt Orthopaedic Hospital,,,,
Robinson Hospital,,,,
Rochdale Infirmary,,,,
Roe Valley Hospital,,,,
Romsey Community Hospital,,,,
Rookwood Hospital,,,,
Roodlands General Hospital,,,,
The Rosie Hospital,,,,
Roseberry Park Hospital,,,,
Rothbury Community Hospital,,,,
Rotherham General Hospital,,,,
Roundway Hospital,,,,
Rowley Regis Hospital,,,,
Royal Aberdeen Children's Hospital,,,,
Royal Albert Edward Infirmary,,,,
Royal Alexandra Children's Hospital,,,,
Royal Alexandra Hospital,,,,
Royal Belfast Hospital for Sick Children,,,,
Royal Berkshire Hospital,,,,
Royal Blackburn Teaching Hospital,,,,
Royal Bolton Hospital,,,,
Royal Bournemouth Hospital,,,,
Royal Brompton Hospital,,,,
Royal Buckinghamshire Hospital,,,,
Royal Cornwall Hospital,,,,
Royal Cornhill Hospital,,,,
Royal Derby Hospital,,,,
Royal Devon and Exeter Hospital,,,,
Royal Edinburgh Hospital,,,,
Royal Free Hospital,,,,
Royal Glamorgan Hospital,,,,
Royal Gwent Hospital,,,,
Royal Hallamshire Hospital,,,,
Royal Hampshire County Hospital,,,,
Royal Hospital Chelsea,,,,
Royal Hospital for Children (Belfast),,,,
Royal Hospital for Children (Glasgow),,,,
Royal Hospital for Children and Young People,,,,
Royal Hospital for Neuro-disability,,,,
Royal Infirmary of Edinburgh at Little France,,,,
Royal Jubilee Maternity Hospital,,,,
Royal Lancaster Infirmary,,,,
Royal Liverpool University Hospital,,,,
Royal London Hospital,,,,
Royal London Hospital for Integrated Medicine,,,,
Royal Manchester Children's Hospital,,,,
Royal Marsden Hospital,,,,
Royal National Hospital for Rheumatic Diseases,,,,
Royal National Orthopaedic Hospital,,,,
"Royal National Throat, Nose and Ear Hospital",,,,
Royal Oldham Hospital,,,,
Royal Orthopaedic Hospital,,,,
Royal Papworth Hospital,,,,
Royal Preston Hospital,,,,
Royal Shrewsbury Hospital,,,,
Royal South Hants Hospital,,,,
Royal Stoke University Hospital,,,,
Royal Surrey County Hospital,,,,
Royal Sussex County Hospital,,,,
Royal United Hospital,,,,
Royal Victoria Hospital (Belfast),,,,
Royal Victoria Hospital (Newcastle),,,,
Russells Hall Hospital,,,,
Rush Green Hospital,,,,
Ruthin Community Hospital,,,,
Salford Royal Hospital,,,,
Salisbury District Hospital,,,,
Sanderson Hospital,,,,
Sandwell General Hospital,,,,
Scarborough Hospital,,,,
Scunthorpe General Hospital,,,,
Seacroft Hospital,,,,
Selly Oak Hospital,,,,
Sheffield Children's Hospital,,,,
Shotley Bridge Hospital,,,,
Singleton Hospital,,,,
Sir G B Hunter Memorial Hospital,,,,
Skipton General Hospital,,,,
Solihull Hospital,,,,
South Bristol Community Hospital,,,,
South Hams Hospital,,,,
South Pembrokeshire Hospital,,,,
South Tyneside District Hospital,,,,
South Tyrone Hospital,,,,
South West Acute Hospital,,,,
Southampton General Hospital,,,,
Southend University Hospital,,,,
Southlands Hospital,,,,
Southmead Hospital,,,,
Southport and Formby District General Hospital,,,,
Springfield University Hospital,,,,
St Albans City Hospital,,,,
St Andrews Community Hospital,,,,
St Ann's Hospital (London),,,,
St Ann's Hospital (Portsmouth),,,,
St Anthony's Hospital,,,,
St Austell Community Hospital,,,,
St Bartholomew's Hospital,,,,
St Brendan's Hospital,,,,
St Cadoc's Hospital,,,,
St Catherine's Health Centre,,,,
St Charles' Hospital,,,,
St David's Hospital (Cardiff),,,,
St David's Hospital (Carmarthen),,,,
St Ebba's Hospital,,,,
St George's Hospital (London),,,,
St George's Hospital (Stafford),,,,
St Helens Hospital,,,,
St Helier Hospital,,,,
St Hugh's Hospital,,,,
St James's Hospital (Leeds),,,,
St James's Hospital (Portsmouth),,,,
St John's Hospital (Chelmsford),,,,
St John's Hospital (Livingston),,,,
St Leonard's Hospital,,,,
St Luke's Hospital (Bradford),,,,
St Luke's Hospital (Market Harborough),,,,
St Margaret's Hospital (Epping),,,,
St Margaret's Hospital (Auchterarder),,,,
St Mark's Hospital,,,,
St Martin's Hospital,,,,
St Mary's Hospital (Isle of Wight),,,,
St Mary's Hospital (Kettering),,,,
St Mary's Hospital (London),,,,
St Mary's Hospital (Manchester),,,,
St Mary's Hospital (Portsmouth),,,,
St Michael's Hospital (Bristol),,,,
St Michael's Hospital (Hayle),,,,
St Michael's Hospital (Warwick),,,,
St Nicholas Hospital,,,,
St Oswald's Hospital,,,,
St Pancras Hospital,,,,
St Peter's Hospital (Chertsey),,,,
St Peter's Hospital (Maldon),,,,
St Richard's Hospital,,,,
St Thomas' Hospital,,,,
St Woolos Hospital,,,,
Stamford and Rutland Hospital,,,,
State Hospital,,,,
Stepping Hill Hospital,,,,
Stirling Community Hospital,,,,
Stobhill Hospital,,,,
Stoke Mandeville Hospital,,,,
Stonehouse Hospital,,,,
Stracathro Hospital,,,,
Stratheden Hospital,,,,
Stratford Hospital,,,,
Stroud General Hospital,,,,
Sunderland Eye Infirmary,,,,
Sunderland Royal Hospital,,,,
Tameside General Hospital,,,,
Tatchbury Mount Hospital,,,,
Tayside Children's Hospital,,,,
Teddington Memorial Hospital,,,,
Tenbury Community Hospital,,,,
Tenby Cottage Hospital,,,,
The Harbour,,,,
The Walton Centre for Neurology and Neurosurgery,,,,
Thomas Hope Hospital,,,,
Thornhill Hospital,,,,
Thorpe Coombe Hospital,,,,
Tickhill Road Hospital,,,,
Tiverton and District Hospital,,,,
Tolworth Hospital,,,,
Tonna Hospital,,,,
Torbay Hospital,,,,
Totnes Community Hospital,,,,
Trafford General Hospital,,,,
Tregaron Hospital,,,,
Tunbridge Wells Hospital,,,,
Turriff Hospital,,,,
Tyrone and Fermanagh Hospital,,,,
Tyrone County Hospital,,,,
Tywyn Hospital,,,,
Udston Hospital,,,,
Ugie Hospital,,,,
Uist and Barra Hospital,,,,
Ulster Hospital,,,,
University College Hospital,,,,
University College Hospital at Westmoreland Street,,,,
University Dental Hospital of Manchester,,,,
University Hospital Birmingham NHS Foundation Trust,,,,
University Hospital Coventry,,,,
University Hospital Crosshouse,,,,
University Hospital Hairmyres,,,,
University Hospital Lewisham,,,,
University Hospital Llandough,,,,
University Hospital Monklands,,,,
University Hospital of Hartlepool,,,,
University Hospital of North Durham,,,,
University Hospital of North Tees,,,,
University Hospital of Wales,,,,
University Hospital Southampton NHS Foundation Trust,,,,
University Hospital Wishaw,,,,
Vale Community Hospital,,,,
Vale of Leven Hospital,,,,
Velindre Cancer Centre,,,,
Victoria Hospital (Blackpool),,,,
Victoria Hospital (Kirkcaldy),,,,
Victoria Infirmary,,,,
Victoria Integrated Care Centre,,,,
Victoria Memorial Hospital,,,,
Violet Hill Hospital,,,,
Walsall Manor Hospital,,,,
The Walton Centre for Neurology and Neurosurgery,,,,
Wansbeck General Hospital,,,,
Warneford Hospital,,,,
Warrington Hospital,,,,
Warwick Hospital,,,,
Waterside Hospital,,,,
Watford General Hospital,,,,
Wellesley Hospital,,,,
Wester Moffat Hospital,,,,
West Berkshire Community Hospital,,,,
West Cornwall Hospital,,,,
West Cumberland Hospital,,,,
West Glasgow Ambulatory Care Hospital,,,,
West Heath Hospital,,,,
West Middlesex University Hospital,,,,
West Park Hospital,,,,
West Suffolk Hospital,,,,
Western Community Hospital,,,,
Western Eye Hospital,,,,
Western General Hospital,,,,
Western Isles Hospital,,,,
Westminster Memorial Hospital,,,,
Westmorland General Hospital,,,,
Weston General Hospital,,,,
Wexham Park Hospital,,,,
Wharfedale Hospital,,,,
Whipps Cross University Hospital,,,,
Whiston Hospital,,,,
Whitby Hospital,,,,
Whiteabbey Hospital,,,,
Whitworth Hospital,,,,
Whittington Hospital,,,,
Whyteman's Brae Hospital,,,,
William Harvey Hospital,,,,
Wilson Hospital,,,,
Wirral Women and Children's Hospital,,,,
Withington Hospital,,,,
Withybush General Hospital,,,,
Withernsea Community Hospital,,,,
Woodland View,,,,
Woodend Hospital,,,,
Worcestershire Royal Hospital,,,,
Worthing Hospital,,,,
Wrexham Maelor Hospital,,,,
Wrightington Hospital,,,,
Wycombe Hospital,,,,
Wythenshawe Hospital,,,,
Yeovil Hospital,,,,
York Hospital,,,,
Ysbyty Alltwen,,,,
Ysbyty Aneurin Bevan,,,,
Ysbyty Cwm Rhondda,,,,
Ysbyty Eryri,,,,
Ysbyty George Thomas,,,,
Ysbyty Gwynedd,,,,
Ysbyty Penrhos Stanley,,,,
Ysbyty Ystrad Fawr,,,,
Ysbyty'r Tri Chwm,,,,
Ystradgynlais Community Hospital,,,,
Zachary Merton Hospital,,,,